job_position_name,experiencere_requirement,minimum_experience_years,job_experience_category
Senior Software Engineer,At least 1 year,1.0,1-3 Years
Machine Learning (ML) Engineer,At least 5 year(s),5.0,Experienced (>3 years)
"Executive/ Senior Executive- Trade Marketing, Hygiene Products",At least 3 years,3.0,1-3 Years
Business Development Executive,1 to 3 years,1.0,1-3 Years
Senior iOS Engineer,At least 4 years,4.0,Experienced (>3 years)
AI Engineer,,,Unknown / Not Specified
Mechanical Engineer,2 to 5 years,2.0,1-3 Years
Mechanical Designer,At least 5 years,5.0,Experienced (>3 years)
Asst. Manager/ Manger (Administrative),At least 5 years,5.0,Experienced (>3 years)
Database Administrator (DBA),At least 1 year,1.0,1-3 Years
"System Administrator (Operation & Maintenance of Server, Storage & Service Desk System)",4 to 5 years,4.0,Experienced (>3 years)
Project Coordinator (Civil),5 to 10 years,5.0,Experienced (>3 years)
Executive/ Sr. Executive -IT,3 to 5 years,3.0,1-3 Years
Network Support Engineer,At least 3 years,3.0,1-3 Years
Intern (Generative AI Engineering - 2D/3D Image Generation),,,Fresher-Friendly (<1 year)
Executive - VAT,1 to 3 years,1.0,1-3 Years
Sr.Officer / Executive - Internal Audit,2 to 4 years,2.0,1-3 Years
Management Trainee - Mechanical,,,Fresher-Friendly (<1 year)
HR Officer,,,Unknown / Not Specified
DevOps Engineer,At least 3 years,3.0,1-3 Years
Data Engineer,5 to 8 years,5.0,Experienced (>3 years)
Head of Internal Control & Compliance (ICC) - SEVP/DMD,At least 15 years,15.0,Experienced (>3 years)
"Full Stack Developer (Python,React js)",3 to 7 years,3.0,1-3 Years
Civil Engineer,At least 5 years,5.0,Experienced (>3 years)
Data Science Engineer,At least 2 years,2.0,1-3 Years
"Manager- Human Resource Management (HRM)
",5 to 6 years,5.0,Experienced (>3 years)
Marketing Officer,At least 1 year,1.0,1-3 Years
Site Engineer,1 to 2 years,1.0,1-3 Years
