category,count,percentage
Technology,2511,25.11
Data & Analytics,568,5.68
Healthcare,488,4.88
Marketing & Sales,463,4.63
Engineering & Manufacturing,435,4.35
Creative & Design,334,3.34
Skilled Trades,279,2.79
Operations & Supply Chain,266,2.66
Human Resources,263,2.63
Finance & Accounting,252,2.52
Legal Services,245,2.45
Retail & Hospitality,225,2.25
Entertainment & Media,194,1.94
Hospitality & Food Service,184,1.84
Education & Training,183,1.83
Beauty & Wellness,170,1.7
Private Sector Management,161,1.61
Law Enforcement,161,1.61
Construction & Real Estate,159,1.59
Transportation,153,1.53
Agriculture & Food,147,1.47
Science & Research,140,1.4
Sports & Recreation,137,1.37
Consulting,134,1.34
Administration,132,1.32
Media & Entertainment,128,1.28
Transportation & Logistics,122,1.22
Sales & Customer Service,117,1.17
Agriculture,116,1.16
Hospitality & Tourism,107,1.07
Arts & Culture,101,1.01
Non-profit & Charity,99,0.99
Human Services & Social Work,98,0.98
Media Production,98,0.98
Conservation,97,0.97
Energy & Utilities,91,0.91
Government & Public Service,90,0.9
Research & Development,86,0.86
Sports & Athletics,75,0.75
Information Services,67,0.67
Veterinary,65,0.65
Environmental,59,0.59
